amount,merchant_name,date,time,weekday,holiday,temperature,station_pressure,sea_level_pressure,relative_humidity,windspeed,special_weather,timestamp,meal_course_breakfast,meal_course_lunch,meal_course_dinner,merchant_code
0.008890968647636888,学苑食堂包子,2022-07-03,07:33:00,7,1,0.86,0.3355048859934868,0.3065015479876152,0.8068181818181819,0.3333333333333333,0,0.0,0,0,0,17
0.270004679457183,学子副食一组,2022-07-03,12:07:00,7,1,0.9400000000000001,0.3192182410423463,0.28482972136222884,0.6590909090909092,0.4,0,0.0006419733417146745,0,0,0,58
0.227889564810482,美食林陕西刀削面(罐罐面),2022-07-03,16:55:00,7,1,0.9400000000000001,0.2671009771986981,0.235294117647058,0.6136363636363636,0.4,0,0.0013167482410239018,0,0,0,36
0.6490407112774919,民族餐厅山西饸饹面,2022-07-04,11:54:00,1,0,0.92,0.29315960912051864,0.2600619195046434,0.7045454545454546,0.26666666666666666,0,0.003985389249052673,0,0,0,10
0.23841834347215723,美食林陕西刀削面(罐罐面),2022-07-04,18:16:00,1,0,0.92,0.2671009771986981,0.235294117647058,0.7045454545454546,0.2,0,0.0048804031780065316,0,0,0,36
0.11628451099672439,学苑食堂包子,2022-07-05,09:21:00,2,0,0.9,0.3387622149837135,0.3065015479876152,0.8181818181818182,0.13333333333333333,1,0.0070007895803598785,0,1,1,17
0.26626111371080957,阳光副食二组,2022-07-05,11:55:00,2,0,0.9400000000000001,0.3192182410423463,0.28482972136222884,0.7045454545454546,0.26666666666666666,0,0.0073616067140136465,0,1,1,15
0.29808142255498365,美食林陕西刀削面(罐罐面),2022-07-05,18:37:00,2,0,0.9,0.31596091205211607,0.28482972136222884,0.8750000000000001,0.06666666666666667,0,0.008303480010965814,0,1,1,36
0.1073935423490875,学苑食堂包子,2022-07-06,07:38:00,3,0,0.9,0.3387622149837135,0.3065015479876152,0.8181818181818182,0.2,0,0.010133338331669961,0,1,1,17
0.36827328029948525,美食林肠粉,2022-07-06,10:58:00,3,0,0.96,0.3192182410423463,0.28482972136222884,0.6590909090909092,0.26666666666666666,0,0.010601932011752524,0,1,1,25
0.29808142255498365,美食林陕西刀削面(罐罐面),2022-07-06,17:47:00,3,0,0.92,0.29315960912051864,0.2600619195046434,0.8181818181818182,0.2,0,0.011560206087509073,0,1,1,36
0.3027608797379504,民族餐厅山西饸饹面,2022-07-08,17:42:00,5,0,0.9400000000000001,0.12377850162866721,0.09597523219813908,0.6590909090909092,0.26666666666666666,0,0.018296240238612427,0,1,1,10
0.36827328029948525,民族餐厅山西饸饹面,2022-07-10,12:02:00,7,1,0.96,0.3192182410423463,0.28482972136222884,0.44318181818181823,0.3333333333333333,0,0.024247379975591343,0,0,0,10
0.227889564810482,学苑食堂主食三组（面条）,2022-07-11,17:13:00,1,0,0.92,0.3648208469055376,0.3312693498452006,0.7613636363636364,0.2,0,0.028349917644661105,0,0,0,50
0.29808142255498365,美食林陕西刀削面(罐罐面),2022-07-12,17:29:00,2,0,0.98,0.3452768729641704,0.3065015479876152,0.5340909090909092,0.13333333333333333,0,0.03176127963563147,0,1,1,36
0.227889564810482,一区饺子园主食一组,2022-07-13,10:14:00,3,0,0.88,0.2899022801302955,0.2600619195046434,0.8750000000000001,0.2,0,0.03411596287801899,0,1,1,21
0.18109499298081422,民族餐厅山西饸饹面,2022-07-14,16:52:00,4,0,0.8200000000000001,0.11726384364820674,0.09597523219813908,0.8636363636363636,0.3333333333333333,1,0.03842233879791479,0,1,1,10
0.15769770706598035,学苑食堂主食三组（面条）,2022-07-15,12:14:00,5,0,0.88,0.19218241042345596,0.16718266253869984,0.7613636363636364,0.3333333333333333,0,0.04114486807917217,0,1,1,50
0.4618624239588208,美食林陕西刀削面(罐罐面),2022-07-17,12:03:00,7,1,0.9,0.16938110749185853,0.14241486068111087,0.7045454545454546,0.26666666666666666,0,0.04786684441987177,0,0,0,36
0.17337388862891906,美食林小是小简餐,2022-07-21,11:32:00,4,0,0.98,0.3452768729641704,0.3065015479876152,0.6136363636363636,0.26666666666666666,0,0.06128971038567954,0,0,0,64
0.007487131492746851,民族餐厅山西饸饹面,2022-07-22,11:10:00,5,0,0.9400000000000001,0.3941368078175884,0.35603715170278605,0.6590909090909092,0.2,0,0.06461203957742612,0,0,0,10
0.2746841366401498,一区饺子园主食一组,2022-07-22,17:34:00,5,0,0.92,0.3420195439739402,0.3065015479876152,0.6590909090909092,0.26666666666666666,0,0.06551173944318123,0,0,0,21
0.20449227889564814,阳光广式猪脚饭,2022-07-25,11:58:00,1,0,0.9400000000000001,0.36807817589576786,0.3312693498452006,0.6590909090909092,0.2,0,0.07484612555030878,0,0,0,8
0.24005615348619563,阳光副食二组,2022-07-27,10:50:00,3,0,0.98,0.4592833876221505,0.4179566563467496,0.6590909090909092,0.2,0,0.08143455269218691,0,0,0,15
0.7660271408516612,一区饺子园主食一组,2022-07-29,11:39:00,5,0,0.88,0.39087947882736174,0.35603715170278605,0.8750000000000001,0.4,0,0.08829710713692407,0,0,0,21
0.227889564810482,美食林陕西刀削面(罐罐面),2022-08-02,17:11:00,2,0,1.0,0.3452768729641704,0.3065015479876152,0.7159090909090909,0.06666666666666667,0,0.1025704706320738,0,0,0,36
0.3448759943846514,民族餐厅山西饸饹面,2022-08-03,12:07:00,3,0,1.0,0.3452768729641704,0.3065015479876152,0.7159090909090909,0.26666666666666666,0,0.1052320827349007,0,0,0,10
0.06410856340664484,美食林九旦西北小吃,2022-08-03,16:42:00,3,0,0.88,0.3648208469055376,0.3312693498452006,0.7613636363636364,0.26666666666666666,1,0.105876399045016,0,0,0,42
0.3214787084698175,美食林陕西刀削面(川无界),2022-08-04,18:18:00,4,0,0.9400000000000001,0.24429967426710064,0.21362229102167163,0.8750000000000001,0.2,1,0.10947519850800802,0,0,0,34
0.23420683200748715,美食林陕西刀削面(罐罐面),2022-08-05,12:13:00,5,0,0.96,0.10097719869706978,0.07120743034055721,0.6590909090909092,0.5333333333333333,0,0.11199388953841094,0,0,0,36
0.32615816565278427,美食林小是小简餐,2022-08-05,17:25:00,5,0,0.9400000000000001,0.12377850162866721,0.09597523219813908,0.6136363636363636,0.4,0,0.11272489567933519,0,0,0,64
0.18109499298081422,民族餐厅山西饸饹面,2022-08-12,17:45:00,5,0,0.88,0.2899022801302955,0.2600619195046434,0.5113636363636364,0.2,0,0.1363888765232275,0,0,0,10
0.227889564810482,阳光广式猪脚饭,2022-08-13,12:40:00,6,1,0.92,0.29315960912051864,0.2600619195046434,0.4772727272727273,0.4,0,0.139048145657668,0,0,0,8
0.29808142255498365,学苑食堂香恋香拌砂锅,2022-08-14,11:43:00,7,1,0.88,0.3648208469055376,0.3312693498452006,0.5568181818181819,0.13333333333333333,0,0.14228847095539265,0,0,0,9
0.18577445016378097,民族餐厅山西饸饹面,2022-08-14,17:35:00,7,1,0.8400000000000001,0.3127035830618894,0.28482972136222884,0.6477272727272727,0.13333333333333333,0,0.14311319583232773,0,0,0,10
0.29808142255498365,民族餐厅德澳士,2022-08-15,17:24:00,1,0,0.8200000000000001,0.18892508143322573,0.16718266253869984,0.8068181818181819,0.2,0,0.1464612976764812,0,0,0,54
0.36827328029948525,民族餐厅山西饸饹面,2022-08-18,17:41:00,4,0,0.88,0.21498371335504984,0.1888544891640862,0.8068181818181819,0.2,0,0.15662275162895867,0,0,0,10
0.227889564810482,美食林陕西刀削面(罐罐面),2022-08-21,17:48:00,7,1,0.8,0.2117263843648196,0.1888544891640862,0.8068181818181819,0.26666666666666666,0,0.16676077589741567,0,0,0,36
0.08750584932147872,民族餐厅山西饸饹面,2022-08-23,18:17:00,2,0,0.8,0.43322475570032637,0.4024767801857614,0.5454545454545455,0.2,0,0.1735764709741403,0,1,0,10
0.25947590079550775,友来美好米线馄饨,2022-08-24,12:34:00,3,0,0.88,0.39087947882736174,0.35603715170278605,0.3977272727272727,0.4666666666666667,0,0.176146707309357,0,0,1,63
0.1343004211511465,民族餐厅山西饸饹面,2022-08-25,11:54:00,4,0,0.72,0.23127035830619036,0.21362229102167163,0.9318181818181818,0.3333333333333333,1,0.17942686306990652,0,0,0,10
0.2746841366401498,阳光广式猪脚饭,2022-08-26,12:01:00,5,0,0.8,0.23778501628664728,0.21362229102167163,0.38636363636363635,0.5333333333333333,0,0.18281713834525704,0,1,0,8
0.8830135704258306,民族餐厅山西饸饹面,2022-08-26,17:30:00,5,0,0.7,0.25081433224755756,0.235294117647058,0.6363636363636364,0.3333333333333333,0,0.18358797494899193,0,1,0,10
0.16307908282639216,民族餐厅铁板料理,2022-08-27,12:28:00,6,1,0.8,0.3843648208469084,0.35603715170278605,0.5454545454545455,0.3333333333333333,0,0.18625427298862007,0,0,0,19
0.227889564810482,美食林广式猪脚饭,2022-08-27,18:13:00,6,1,0.8,0.4071661237784987,0.3777089783281724,0.5113636363636364,0.13333333333333333,0,0.18706259708675077,0,0,0,43
0.18109499298081422,阳光广式猪脚饭,2022-08-28,12:06:00,7,1,0.88,0.4788273615635177,0.44272445820433504,0.44318181818181823,0.26666666666666666,0,0.18957660218036665,0,0,0,8
0.29808142255498365,美食林陕西刀削面(罐罐面),2022-08-30,11:37:00,2,0,0.8,0.47231270358306077,0.44272445820433504,0.6477272727272727,0.13333333333333333,0,0.1962564050898692,0,1,1,36
0.18109499298081422,民族餐厅山西饸饹面,2022-08-30,17:27:00,2,0,0.8200000000000001,0.43322475570032637,0.4024767801857614,0.6477272727272727,0.2,0,0.19707644403000302,0,1,1,10
0.8362189985961629,学苑食堂副食三组,2022-09-01,11:25:00,4,0,0.74,0.6123778501628685,0.5820433436532504,0.4204545454545455,0.3333333333333333,0,0.20297603846216816,0,0,0,24
0.29808142255498365,美食林陕西刀削面(罐罐面),2022-09-02,11:53:00,5,0,0.88,0.5993485342019547,0.560371517027864,0.34090909090909094,0.4666666666666667,0,0.20641551607394604,0,1,0,36
0.18109499298081422,民族餐厅山西饸饹面,2022-09-03,12:06:00,6,1,0.9,0.5504885993485367,0.5108359133126932,0.40909090909090906,0.2,0,0.2098198491597003,0,0,1,10
0.20449227889564814,阳光广式猪脚饭,2022-09-03,17:44:00,6,1,0.8200000000000001,0.49837133550488844,0.4643962848297214,0.6477272727272727,0.13333333333333333,0,0.21061177247902663,0,0,1,8
0.29808142255498365,民族餐厅山西饸饹面,2022-09-05,11:21:00,1,0,0.74,0.306188925081436,0.28482972136222884,1.0,0.26666666666666666,1,0.21646216457479284,1,0,1,10
0.3214787084698175,友来美好米线馄饨,2022-09-06,11:41:00,2,0,0.78,0.23452768729641704,0.21362229102167163,0.46590909090909094,0.2,0,0.2198828984393515,0,1,0,63
0.789424426766495,友来美好米线馄饨,2022-09-06,16:43:00,2,0,0.7,0.20521172638436624,0.1888544891640862,0.6363636363636364,0.06666666666666667,1,0.22059047489626948,0,1,0,63
0.12962096396817968,学苑食堂包子,2022-09-07,08:24:00,3,0,0.66,0.3745928338762212,0.35603715170278605,0.7386363636363636,0.6,0,0.22279520816103116,1,0,1,17
0.18109499298081422,民族餐厅山西饸饹面,2022-09-07,11:53:00,3,0,0.72,0.40065146579804534,0.3777089783281724,0.7386363636363636,0.4666666666666667,0,0.22328488855671935,1,0,1,10
0.36827328029948525,民族餐厅山西饸饹面,2022-09-07,16:40:00,3,0,0.8,0.4495114006514669,0.4179566563467496,0.5909090909090909,0.26666666666666666,0,0.22395732048762795,1,0,1,10
0.08750584932147872,学苑食堂副食三组,2022-09-08,11:35:00,4,0,0.9,0.4788273615635177,0.44272445820433504,0.5227272727272727,0.13333333333333333,0,0.22661658962205422,0,0,0,24
0.4384651380439869,民族餐厅山西饸饹面,2022-09-08,17:11:00,4,0,0.9,0.5016286644951151,0.4643962848297214,0.5227272727272727,0.2,0,0.2274038270045935,0,0,0,10
0.8596162845109967,民族餐厅山西饸饹面,2022-09-09,11:57:00,5,0,0.92,0.7003257328990209,0.6532507739938076,0.2272727272727273,0.13333333333333333,0,0.23004200942342834,0,1,0,10
0.36827328029948525,一区饺子园主食一组,2022-09-10,12:25:00,6,1,0.92,0.6254071661237788,0.5820433436532504,0.34090909090909094,0.13333333333333333,0,0.233481487035192,0,0,1,21
0.227889564810482,美食林陕西刀削面(罐罐面),2022-09-10,17:00:00,6,1,0.92,0.5765472312703572,0.5356037151702786,0.4772727272727273,0.13333333333333333,0,0.2341258033452931,0,0,1,36
0.16846045858680397,学苑食堂包子,2022-09-11,07:35:00,7,1,0.8200000000000001,0.5700325732899003,0.5356037151702786,0.8068181818181819,0.2,0,0.23617590069562766,0,0,0,17
0.20449227889564814,民族餐厅山西饸饹面,2022-09-11,11:40:00,7,1,0.9400000000000001,0.5309446254071659,0.4891640866873068,0.48863636363636365,0.26666666666666666,0,0.23674992795372418,0,0,0,10
0.29808142255498365,美食林陕西刀削面(罐罐面),2022-09-14,11:36:00,3,0,0.86,0.6970684039087978,0.6532507739938076,0.4772727272727273,0.06666666666666667,0,0.2468621795697885,1,0,1,36
0.29808142255498365,美食林阿咪酱骨扒肉,2022-09-14,17:07:00,3,0,0.8200000000000001,0.6677524429967399,0.6284829721362222,0.6477272727272727,0.06666666666666667,0,0.24763770211031044,1,0,1,12
0.4384651380439869,阳光广式猪脚饭,2022-09-15,12:08:00,4,0,0.8,0.5700325732899003,0.5356037151702786,0.6477272727272727,0.3333333333333333,0,0.2503110290551547,0,0,0,8
0.8830135704258306,民族餐厅山西饸饹面,2022-09-15,19:05:00,4,0,0.74,0.5179153094462556,0.4891640866873068,0.8636363636363636,0.2,0,0.25128804687811623,0,0,0,10
0.2091717360786149,阳光副食二组,2022-09-16,11:49:00,5,0,0.8400000000000001,0.43322475570032637,0.4024767801857614,0.5568181818181819,0.3333333333333333,0,0.25364038715210313,0,1,0,15
0.3214787084698175,学苑食堂香恋香拌砂锅,2022-09-17,12:06:00,6,1,0.74,0.3289902280130299,0.3065015479876152,0.8636363636363636,0.13333333333333333,0,0.2570540921114599,0,0,1,9
0.5554515676181563,美食林陕西刀削面(罐罐面),2022-09-19,17:05:00,1,0,0.6,0.5309446254071659,0.5108359133126932,0.29545454545454547,0.4,0,0.2645023886562825,1,0,1,36
0.29808142255498365,阳光广式猪脚饭,2022-09-20,12:14:00,2,0,0.6799999999999999,0.5374592833876193,0.5108359133126932,0.17045454545454547,0.4,0,0.26719445934833175,0,1,0,8
0.3776321946654188,一区饺子园主食一组,2022-09-21,12:17:00,3,0,0.8200000000000001,0.3583061889250807,0.3312693498452006,0.3295454545454546,0.5333333333333333,0,0.270575362750094,1,0,1,21
0.017313991576977078,百味佳副食一组,2022-09-21,19:06:00,3,0,0.76,0.355048859934854,0.3312693498452006,0.4204545454545455,0.3333333333333333,0,0.2715336368258505,1,0,1,5
0.18109499298081422,民族餐厅山西饸饹面,2022-09-22,12:38:00,4,0,0.8,0.3322475570032566,0.3065015479876152,0.4318181818181819,0.5333333333333333,0,0.27399843958305325,0,0,0,10
0.31679925128685077,阳光副食二组,2022-09-23,12:16:00,5,0,0.6799999999999999,0.32573289902279967,0.3065015479876152,0.7954545454545455,0.2,0,0.27732076877479983,0,1,0,15
0.17173607861488066,学苑食堂包子,2022-09-25,09:09:00,7,1,0.74,0.40390879478827557,0.3777089783281724,0.5454545454545455,0.4666666666666667,0,0.2836303826770319,0,0,0,17
0.29808142255498365,阳光川蜀源烤鱼,2022-09-25,11:26:00,7,1,0.8200000000000001,0.3843648208469084,0.35603715170278605,0.4318181818181819,0.4,0,0.2839513693478892,0,0,0,37
0.18109499298081422,阳光广式猪脚饭,2022-09-26,11:54:00,1,0,0.74,0.5928338762214977,0.560371517027864,0.20454545454545459,0.13333333333333333,0,0.2873908469596529,1,0,1,8
0.227889564810482,友来朝鲜风味,2022-09-27,12:08:00,2,0,0.86,0.5016286644951151,0.4643962848297214,0.4772727272727273,0.4,0,0.2907975230138078,0,1,0,32
0.3214787084698175,民族餐厅山西饸饹面,2022-09-27,17:02:00,2,0,0.8400000000000001,0.41042345276872894,0.3777089783281724,0.46590909090909094,0.26666666666666666,0,0.2914863557235208,0,1,0,10
0.29808142255498365,一区饺子园主食一组,2022-09-28,10:54:00,3,0,0.78,0.3843648208469084,0.35603715170278605,0.75,0.26666666666666666,0,0.293998017848736,1,0,1,21
0.20449227889564814,民族餐厅山西饸饹面,2022-09-29,16:41:00,4,0,0.86,0.3127035830618894,0.28482972136222884,0.4772727272727273,0.4666666666666667,0,0.2981849023802283,0,0,0,10
0.25128685072531587,民族餐厅金家店,2022-09-30,18:05:00,5,0,0.7,0.3029315960912058,0.28482972136222884,0.9318181818181818,0.0,1,0.30175558622241283,0,1,0,28
0.227889564810482,民族餐厅德澳士,2022-10-01,11:22:00,6,1,0.54,0.6742671009772003,0.6532507739938076,0.7954545454545455,0.26666666666666666,0,0.3041852444536062,0,0,1,54
0.227889564810482,美食林小是小简餐,2022-10-02,17:40:00,7,1,0.7,0.5146579804560254,0.4891640866873068,0.9318181818181818,0.13333333333333333,0,0.3084447610055179,0,0,0,64
0.227889564810482,一区饺子园主食一组,2022-10-03,11:43:00,1,1,0.52,0.5993485342019547,0.5820433436532504,1.0,0.4,1,0.3109821957831258,1,0,1,21
0.3214787084698175,美食林陕西刀削面(罐罐面),2022-10-03,17:29:00,1,1,0.5,0.6970684039087978,0.678018575851393,0.7840909090909092,0.26666666666666666,0,0.3117928628496571,1,0,1,36
0.18109499298081422,民族餐厅山西饸饹面,2022-10-04,12:18:00,2,1,0.54,0.7719869706840399,0.7492260061919502,0.19318181818181818,0.5333333333333333,0,0.31443807417369385,0,1,0,10
0.227889564810482,友来美好米线馄饨,2022-10-05,11:52:00,3,1,0.54,0.7231270358306183,0.6996904024767794,0.31818181818181823,0.3333333333333333,0,0.3177510314918379,1,0,1,63
0.29808142255498365,美食林陕西刀削面(罐罐面),2022-10-05,17:53:00,3,1,0.46,0.7166123778501614,0.6996904024767794,0.5,0.06666666666666667,0,0.31859684308437863,1,0,1,36
0.009592887225081899,学苑食堂副食三组,2022-10-06,11:43:00,4,1,0.6,0.7263843648208486,0.6996904024767794,0.3295454545454546,0.3333333333333333,0,0.32110381927279263,0,0,0,24
0.18109499298081422,民族餐厅山西饸饹面,2022-10-06,17:38:00,4,1,0.52,0.6710097719869701,0.6532507739938076,0.38636363636363635,0.2,0,0.3219355730549296,0,0,0,10
0.3214787084698175,民族餐厅山西饸饹面,2022-10-07,10:51:00,5,1,0.62,0.6807817589576572,0.6532507739938076,0.2613636363636364,0.26666666666666666,0,0.32435585941253464,0,1,0,10
0.20449227889564814,阳光广式猪脚饭,2022-10-07,17:31:00,5,1,0.52,0.644951140065146,0.6284829721362222,0.46590909090909094,0.13333333333333333,0,0.32529304677268556,0,1,0,8
0.3214787084698175,阳光广式猪脚饭,2022-10-08,12:39:00,6,0,0.62,0.6547231270358296,0.6284829721362222,0.3977272727272727,0.13333333333333333,0,0.32798277449631996,0,0,1,8
0.13617220402433317,民族餐厅德澳士,2022-10-08,16:55:00,6,0,0.56,0.6026058631921813,0.5820433436532504,0.6704545454545455,0.3333333333333333,1,0.32858257440682337,0,0,1,54
0.06410856340664484,学苑食堂副食三组,2022-10-09,12:38:00,7,0,0.5,0.5732899022801305,0.560371517027864,1.0,0.3333333333333333,1,0.3313543060244797,0,0,0,24
0.3214787084698175,美食林铁锅焖面,2022-10-09,17:35:00,7,0,0.5,0.5472312703583064,0.5356037151702786,1.0,0.4,1,0.33205016763939454,0,0,0,47
0.36827328029948525,民族餐厅山西饸饹面,2022-10-10,11:48:00,1,0,0.5800000000000001,0.4820846905537479,0.4643962848297214,0.625,0.5333333333333333,0,0.33461103210100873,1,0,1,10
0.0023397285914833893,学苑食堂副食三组,2022-10-10,17:07:00,1,0,0.5800000000000001,0.4820846905537479,0.4643962848297214,0.4318181818181819,0.4,0,0.33535843902073736,1,0,1,24
0.1085634066448292,阳光广式猪脚饭,2022-10-13,12:04:00,4,0,0.74,0.6612377850162865,0.6284829721362222,0.4545454545454546,0.4666666666666667,0,0.3447701430850856,0,0,0,8
0.1343004211511465,阳光广式猪脚饭,2022-10-15,11:41:00,6,1,0.7,0.6384364820846891,0.6068111455108358,0.25,0.13333333333333333,0,0.3514640038049919,0,0,1,8
0.3214787084698175,阳光广式猪脚饭,2022-10-15,17:39:00,6,1,0.6,0.6286644951140055,0.6068111455108358,0.3295454545454546,0.13333333333333333,0,0.3523027864923165,0,0,1,8
0.18109499298081422,民族餐厅山西饸饹面,2022-10-16,18:13:00,7,1,0.54,0.5993485342019547,0.5820433436532504,0.3522727272727273,0.26666666666666666,0,0.3557563219144839,0,0,0,10
0.18109499298081422,民族餐厅山西饸饹面,2022-10-18,17:18:00,2,0,0.48,0.644951140065146,0.6284829721362222,0.34090909090909094,0.26666666666666666,0,0.3623752076455844,0,1,0,10
0.6724379971923257,民族餐厅山西饸饹面,2022-10-19,11:41:00,3,0,0.64,0.605863192182408,0.5820433436532504,0.23863636363636365,0.4666666666666667,0,0.36495950179120484,1,0,1,10
0.007955077211043528,民族餐厅山西饸饹面,2022-10-19,17:52:00,3,0,0.5800000000000001,0.5081433224755685,0.4891640866873068,0.3522727272727273,0.26666666666666666,0,0.3658287430677518,1,0,1,10
0.227889564810482,学苑食堂香恋香拌砂锅,2022-10-20,11:52:00,4,0,0.7,0.6384364820846891,0.6068111455108358,0.34090909090909094,0.26666666666666666,0,0.36835914894015787,1,0,1,9
0.227889564810482,学苑食堂香恋香拌砂锅,2022-10-20,17:27:00,4,0,0.64,0.5602605863192167,0.5356037151702786,0.625,0.13333333333333333,0,0.3691440433542965,1,0,1,9
0.2746841366401498,美食林陕西刀削面(罐罐面),2022-10-21,12:39:00,5,0,0.6799999999999999,0.4657980456026074,0.44272445820433504,0.5795454545454546,0.5333333333333333,0,0.3718431429515334,0,1,0,36
0.227889564810482,学苑食堂香恋香拌砂锅,2022-10-21,17:47:00,5,0,0.52,0.5993485342019547,0.5820433436532504,0.7840909090909092,0.26666666666666666,0,0.37256477721885517,0,1,0,9
0.08750584932147872,学苑食堂副食四组,2022-10-22,11:58:00,6,1,0.56,0.7003257328990209,0.678018575851393,0.38636363636363635,0.3333333333333333,0,0.3751209557436681,0,0,1,62
0.227889564810482,友来朝鲜风味,2022-10-23,12:16:00,7,1,0.5,0.644951140065146,0.6284829721362222,0.6136363636363636,0.4,0,0.3785370036714397,0,0,0,32
0.3214787084698175,民族餐厅山西饸饹面,2022-10-23,17:55:00,7,1,0.48,0.6938110749185675,0.678018575851393,0.4204545454545455,0.26666666666666666,0,0.37933126995916666,0,0,0,10
0.2746841366401498,阳光广式猪脚饭,2022-10-24,12:12:00,1,0,0.54,0.7719869706840399,0.7492260061919502,0.31818181818181823,0.13333333333333333,0,0.38190150629438335,1,0,1,8
0.12728123537669633,学苑食堂包子,2022-10-25,09:24:00,2,0,0.5,0.7198697068403916,0.6996904024767794,0.46590909090909094,0.3333333333333333,0,0.38488176209968117,1,1,1,17
0.26626111371080957,阳光副食二组,2022-10-25,12:09:00,2,0,0.64,0.6319218241042357,0.6068111455108358,0.36363636363636365,0.4666666666666667,0,0.3852683518857418,1,1,1,15
0.29808142255498365,美食林陕西刀削面(罐罐面),2022-10-26,13:02:00,3,0,0.52,0.6254071661237788,0.6068111455108358,0.8522727272727273,0.4,1,0.38876640370752114,1,0,1,36
0.6958352831071596,美食林广式猪脚饭,2022-10-26,17:47:00,3,0,0.46,0.7426710097719891,0.7244582043343648,0.8522727272727273,0.4,0,0.3894341497016285,1,0,1,43
0.1343004211511465,百味佳副食一组,2022-10-27,11:54:00,4,0,0.48,0.9543973941368087,0.9287925696594463,0.4204545454545455,0.4,0,0.3919809563528389,1,0,0,5
0.29808142255498365,一区饺子园主食一组,2022-10-28,11:50:00,5,0,0.5,0.9543973941368087,0.9287925696594463,0.3068181818181818,0.13333333333333333,0,0.39534545897579676,1,1,0,21
0.227889564810482,民族餐厅山西饸饹面,2022-10-28,17:34:00,5,0,0.36,0.918566775244301,0.9040247678018574,0.6477272727272727,0.0,0,0.39615144010552683,1,1,0,10
0.12728123537669633,学苑食堂包子,2022-10-30,07:58:00,7,1,0.4,0.8110749185667778,0.795665634674922,0.6590909090909092,0.13333333333333333,0,0.40154963930001486,0,0,0,17
0.18109499298081422,民族餐厅山西饸饹面,2022-10-30,17:38:00,7,1,0.54,0.6742671009772003,0.6532507739938076,0.46590909090909094,0.2,0,0.4029085609722358,0,0,0,10
0.227889564810482,阳光广式猪脚饭,2022-10-31,11:44:00,1,0,0.5800000000000001,0.5081433224755685,0.4891640866873068,0.9318181818181818,0.5333333333333333,1,0.40545302465505983,1,0,1,8
0.1876462330369677,阳光副食二组,2022-11-01,11:29:00,2,0,0.46,0.6188925081433219,0.6068111455108358,0.34090909090909094,0.6666666666666666,0,0.4087917546256108,1,1,0,15
0.06410856340664484,学苑食堂包子,2022-11-02,08:08:00,3,0,0.32,0.6579804560260598,0.6532507739938076,0.7045454545454546,0.3333333333333333,0,0.41169469247368795,1,0,1,17
0.227889564810482,美食林陕西刀削面(罐罐面),2022-11-02,18:27:00,3,0,0.34,0.6579804560260598,0.6532507739938076,0.3522727272727273,0.2,0,0.4131449899135191,1,0,1,36
0.009124941506785215,学苑食堂副食三组,2022-11-03,16:41:00,4,0,0.32,0.6579804560260598,0.6532507739938076,0.4772727272727273,0.2,0,0.4162705097596415,1,0,1,24
0.1459990641085634,学苑食堂包子,2022-11-04,07:41:00,5,0,0.26,0.677524429967427,0.678018575851393,0.6363636363636364,0.26666666666666666,0,0.41837918131999174,1,1,0,17
0.10341600374356576,学苑食堂包子,2022-11-05,07:56:00,6,1,0.34,0.5830618892508141,0.5820433436532504,0.7045454545454546,0.2,0,0.42178820034254727,0,0,0,17
0.2648572765559195,阳光副食二组,2022-11-05,11:51:00,6,1,0.46,0.6188925081433219,0.6068111455108358,0.40909090909090906,0.26666666666666666,0,0.42233879791663753,0,0,0,15
0.18109499298081422,民族餐厅山西饸饹面,2022-11-05,17:41:00,6,1,0.38,0.6872964169381106,0.678018575851393,0.5454545454545455,0.13333333333333333,0,0.42315883685677136,0,0,0,10
0.005147402901263462,民族餐厅山西饸饹面,2022-11-05,19:06:00,6,1,0.34,0.6840390879478804,0.678018575851393,0.7045454545454546,0.13333333333333333,0,0.42335798917081036,0,0,0,10
0.227889564810482,阳光副食二组,2022-11-06,12:16:00,7,1,0.54,0.6482084690553762,0.6284829721362222,0.31818181818181823,0.2,0,0.4257712466231993,0,0,0,15
0.1773514272344408,学苑食堂包子,2022-11-07,08:19:00,1,0,0.34,0.6091205211726383,0.6068111455108358,0.8409090909090909,0.13333333333333333,1,0.42858983760886815,1,0,1,17
0.227889564810482,友来朝鲜风味,2022-11-07,11:02:00,1,0,0.48,0.6221498371335485,0.6068111455108358,0.5113636363636364,0.2,0,0.42897174145812755,1,0,1,32
0.15769770706598035,民族餐厅山西饸饹面,2022-11-07,17:04:00,1,0,0.42,0.6156351791530952,0.6068111455108358,0.5,0.26666666666666666,0,0.4298198960190689,1,0,1,10
0.25479644361254095,民族餐厅金家店,2022-11-08,12:32:00,2,0,0.5800000000000001,0.5798045602605875,0.560371517027864,0.31818181818181823,0.3333333333333333,0,0.4325564831107158,1,1,1,28
0.0,学苑食堂副食三组,2022-11-08,17:46:00,2,0,0.5,0.5472312703583064,0.5356037151702786,0.46590909090909094,0.3333333333333333,0,0.4332921751884413,1,1,1,24
0.3214787084698175,阳光广式猪脚饭,2022-11-09,18:17:00,3,0,0.42,0.6384364820846891,0.6284829721362222,0.6590909090909092,0.0,1,0.43673868170540686,1,0,1,8
0.227889564810482,美食林陕西刀削面(罐罐面),2022-11-10,11:22:00,4,0,0.5,0.8403908794788286,0.8173374613003119,0.3068181818181818,0.2,0,0.4391402243157927,1,0,0,36
0.20449227889564814,民族餐厅山西饸饹面,2022-11-10,18:20:00,4,0,0.4,0.8110749185667778,0.795665634674922,0.36363636363636365,0.13333333333333333,0,0.4401195851071549,1,0,0,10
0.5554515676181563,阳光广式猪脚饭,2022-11-12,10:56:00,6,1,0.38,0.6872964169381106,0.678018575851393,0.7159090909090909,0.3333333333333333,1,0.4458270561304971,0,0,0,8
0.15769770706598035,学苑食堂副食三组,2022-11-13,11:24:00,7,1,0.34,0.7785016286644968,0.7708978328173401,0.5340909090909092,0.2,0,0.4492665337422608,0,0,0,24
1.0,民族餐厅金家店,2022-11-13,18:04:00,7,1,0.28,0.7263843648208486,0.7244582043343648,0.7045454545454546,0.2,0,0.4502037211024117,0,0,0,28
0.045390734674777736,学苑食堂副食三组,2022-11-14,11:55:00,1,0,0.32,0.4885993485342013,0.4891640866873068,0.6477272727272727,0.26666666666666666,0,0.4527130402592263,1,0,1,24
0.3214787084698175,美食林川蜀源烤鱼,2022-11-15,11:50:00,2,0,0.36,0.4885993485342013,0.4891640866873068,0.7727272727272728,0.26666666666666666,0,0.45607519991378354,1,1,0,1
0.2695367337388863,阳光副食二组,2022-11-16,12:08:00,3,0,0.42,0.5179153094462556,0.5108359133126932,0.5454545454545455,0.2,0,0.45949124784154094,1,0,1,15
0.11909218530650444,美食林广式猪脚饭,2022-11-16,18:57:00,3,0,0.28,0.5798045602605875,0.5820433436532504,0.9204545454545455,0.13333333333333333,1,0.4604495219172975,1,0,1,43
0.08750584932147872,紫丁香餐吧机器人收银组,2022-11-17,17:11:00,4,0,0.42,0.5179153094462556,0.5108359133126932,0.7840909090909092,0.26666666666666666,0,0.4635750417634199,1,0,1,3
0.1343004211511465,学苑食堂包子,2022-11-18,11:28:00,5,0,0.46,0.8371335504885984,0.8173374613003119,0.5,0.06666666666666667,0,0.4661452780986366,1,1,0,17
0.227889564810482,民族餐厅金家店,2022-11-18,17:04:00,5,0,0.36,0.8306188925081415,0.8173374613003119,0.7727272727272728,0.2,0,0.46693251548116166,1,1,0,28
0.08750584932147872,百味佳副食一组,2022-11-19,09:24:00,6,1,0.42,0.5667752442996772,0.560371517027864,0.5454545454545455,0.4,0,0.46922862451354774,0,0,0,5
0.25269068788020593,民族餐厅山西饸饹面,2022-11-19,12:29:00,6,1,0.48,0.49837133550488844,0.4891640866873068,0.5113636363636364,0.4666666666666667,0,0.4696620736676209,0,0,0,10
0.3514272344408049,阳光副食二组,2022-11-19,17:55:00,6,1,0.48,0.42671009771986945,0.4179566563467496,0.9204545454545455,0.5333333333333333,1,0.4704258813661397,0,0,0,15
0.05942910622367806,学苑食堂包子,2022-11-20,07:34:00,7,1,0.34,0.6091205211726383,0.6068111455108358,0.6477272727272727,0.4,0,0.47234477248605344,0,0,0,17
0.08750584932147872,学苑食堂副食三组,2022-11-20,17:27:00,7,1,0.3,0.6286644951140055,0.6284829721362222,0.5340909090909092,0.26666666666666666,0,0.47373415274748254,0,0,0,24
0.3214787084698175,美食林九旦西北小吃,2022-11-20,19:05:00,7,1,0.26,0.6514657980455993,0.6532507739938076,0.6363636363636364,0.26666666666666666,0,0.4739637636507297,0,0,0,42
0.25128685072531587,学苑食堂重庆小面,2022-11-21,10:56:00,1,0,0.32,0.7296416938110752,0.7244582043343648,0.38636363636363635,0.26666666666666666,0,0.4761919265994834,0,0,1,11
0.08750584932147872,学苑食堂副食三组,2022-11-21,17:28:00,1,0,0.28,0.7263843648208486,0.7244582043343648,0.5227272727272727,0.2,0,0.4771103702124435,0,0,1,24
0.2524567150210576,美食林陕西刀削面(罐罐面),2022-11-22,11:10:00,2,0,0.36,0.7817589576547199,0.7708978328173401,0.5340909090909092,0.06666666666666667,0,0.4795986026536525,1,1,0,36
0.9532054281703323,美食林陕西刀削面(罐罐面),2022-11-22,18:33:00,2,0,0.26,0.7003257328990209,0.6996904024767794,0.7045454545454546,0.13333333333333333,0,0.4806365376550161,1,1,0,36
0.6724379971923257,友来美好米线馄饨,2022-11-23,10:18:00,3,0,0.32,0.6319218241042357,0.6284829721362222,0.7045454545454546,0.13333333333333333,0,0.4828506427933803,0,1,1,63
0.3214787084698175,学苑食堂香恋香拌砂锅,2022-11-23,17:43:00,3,0,0.26,0.6514657980455993,0.6532507739938076,0.7045454545454546,0.13333333333333333,0,0.4838932637315594,0,1,1,9
0.270004679457183,阳光副食二组,2022-11-24,11:41:00,4,0,0.4,0.5146579804560254,0.5108359133126932,0.5,0.26666666666666666,0,0.4864189836671784,1,0,0,15
0.2688348151614413,阳光副食二组,2022-11-25,10:42:00,5,0,0.38,0.22801302931596013,0.235294117647058,0.8522727272727273,0.06666666666666667,1,0.4896546230281018,1,1,0,15
0.18109499298081422,民族餐厅山西饸饹面,2022-11-25,19:05:00,5,0,0.28,0.273615635179155,0.28482972136222884,1.0,0.4,1,0.490833136133503,1,1,0,10
0.17267197005147406,学苑食堂包子,2022-11-26,07:56:00,6,1,0.2,0.4527687296416971,0.4643962848297214,0.6931818181818182,0.4,0,0.4926395647702009,0,0,0,17
0.045390734674777736,学苑食堂包子,2022-11-26,11:06:00,6,1,0.24,0.5016286644951151,0.5108359133126932,0.5795454545454546,0.4,0,0.49308472876626297,0,0,0,17
0.19513336452971453,阳光副食二组,2022-11-26,18:18:00,6,1,0.14,0.5928338762214977,0.6068111455108358,0.6818181818181819,0.2,0,0.4940968911152339,0,0,0,15
0.18109499298081422,民族餐厅山西饸饹面,2022-11-27,18:31:00,7,1,0.24,0.6254071661237788,0.6284829721362222,0.8409090909090909,0.2,0,0.4975012242009882,0,0,0,10
0.11324286382779598,阳光副食二组,2022-11-29,12:18:00,2,0,0.14,0.5667752442996772,0.5820433436532504,0.8295454545454546,0.6,1,0.5033750459807607,1,1,0,15
0.009592887225081899,学苑食堂副食三组,2022-11-30,11:38:00,3,0,0.08000000000000002,0.710097719869708,0.7244582043343648,0.44318181818181823,0.6,0,0.506655201741296,0,1,1,24
0.04071127749181096,民族餐厅山西饸饹面,2022-11-30,19:12:00,3,0,0.0,0.7296416938110752,0.7492260061919502,0.6022727272727273,0.26666666666666666,0,0.5077189093950665,0,1,1,10
0.300421151146467,百味佳机器人收银组,2022-12-06,17:59:00,2,0,0.22,0.39087947882736174,0.4024767801857614,0.5681818181818182,0.4,0,0.5277911196811687,1,1,0,45
0.3214787084698175,阳光广式猪脚饭,2022-12-09,11:31:00,5,0,0.26,0.5765472312703572,0.5820433436532504,0.6363636363636364,0.26666666666666666,0,0.5370036714314921,1,0,0,8
0.20449227889564814,民族餐厅铁板料理,2022-12-09,19:07:00,5,0,0.16,0.5700325732899003,0.5820433436532504,0.6931818181818182,0.2,0,0.5380720650220638,1,0,0,19
0.1343004211511465,学苑食堂副食三组,2022-12-11,12:12:00,7,1,0.28,0.7263843648208486,0.7244582043343648,0.4772727272727273,0.4,0,0.54384748212901,0,0,0,24
0.35891436593355175,阳光副食二组,2022-12-12,11:46:00,1,0,0.34,0.25081433224755756,0.2600619195046434,0.5340909090909092,0.7333333333333333,0,0.5471604394471541,0,0,0,15
0.227889564810482,美食林铁锅焖面,2022-12-13,17:49:00,2,0,0.08000000000000002,0.4201954397394161,0.44272445820433504,0.48863636363636365,0.4,1,0.5513848114730564,1,0,0,47
0.227889564810482,美食林陕西刀削面(罐罐面),2022-12-17,11:54:00,6,1,0.08000000000000002,0.6123778501628685,0.6284829721362222,0.44318181818181823,0.3333333333333333,0,0.5640485556771324,0,0,0,36
0.9064108563406645,民族餐厅山西饸饹面,2022-12-19,11:57:00,1,0,0.08000000000000002,0.6123778501628685,0.6284829721362222,0.44318181818181823,0.26666666666666666,0,0.5708033335754408,0,0,0,10
0.41506785212915304,美食林陕西刀削面(川无界),2022-12-21,11:53:00,3,0,0.09999999999999998,0.306188925081436,0.3312693498452006,0.8295454545454546,0.4666666666666667,1,0.577541710694959,0,0,0,34
0.3214787084698175,一区饺子园主食一组,2022-12-21,17:42:00,3,0,0.06,0.41693811074918585,0.44272445820433504,0.8295454545454546,0.3333333333333333,1,0.5783594066666922,0,0,0,21
0.26134768366869443,阳光副食二组,2022-12-27,11:50:00,2,0,0.03999999999999998,0.8013029315960907,0.8173374613003119,0.8295454545454546,0.2,1,0.5977779287690765,0,0,0,15
0.08750584932147872,民族餐厅山西饸饹面,2022-12-29,11:48:00,4,0,0.06,0.7817589576547199,0.795665634674922,0.6818181818181819,0.26666666666666666,0,0.6045209918253818,0,0,0,10
0.18109499298081422,阳光广式猪脚饭,2023-02-01,11:16:00,3,0,0.16,0.644951140065146,0.6532507739938076,0.8295454545454546,0.26666666666666666,1,0.7191577497194288,0,0,0,8
0.15769770706598035,学苑食堂副食三组,2023-02-02,08:55:00,4,0,0.06,0.7817589576547199,0.795665634674922,0.6136363636363636,0.3333333333333333,0,0.7222012656715293,0,0,0,24
0.3214787084698175,阳光广式猪脚饭,2023-02-02,11:35:00,4,0,0.14,0.7882736156351804,0.795665634674922,0.5,0.3333333333333333,0,0.722576140615601,0,0,0,8
0.14880673841834346,百味佳副食一组,2023-02-04,08:46:00,6,1,0.03999999999999998,0.6319218241042357,0.6532507739938076,0.9090909090909091,0.13333333333333333,1,0.7289279279490444,0,0,0,5
0.29808142255498365,学苑食堂香恋香拌砂锅,2023-02-05,17:51:00,7,1,0.12,0.6384364820846891,0.6532507739938076,0.8295454545454546,0.06666666666666667,0,0.7335787202238038,0,0,0,9
0.20449227889564814,一区饺子园主食二组,2023-02-06,17:24:00,1,0,0.2,0.6710097719869701,0.678018575851393,0.6931818181818182,0.13333333333333333,1,0.7368893345735472,0,0,0,61
0.12728123537669633,一区饺子园凉菜组,2023-02-07,12:19:00,2,0,0.22,0.7231270358306183,0.7244582043343648,0.5227272727272727,0.2,0,0.7395486037079877,0,0,0,46
0.3214787084698175,美食林肠粉,2023-02-08,18:05:00,3,0,0.2,0.8175895765472312,0.8173374613003119,0.5681818181818182,0.13333333333333333,0,0.7437331452710794,0,0,0,25
0.2531586335985026,学苑食堂香恋香拌砂锅,2023-02-11,11:32:00,6,1,0.32,0.5081433224755685,0.5108359133126932,0.8409090909090909,0.4666666666666667,1,0.7529339821793855,0,0,0,9
0.08750584932147872,一区饺子园凉菜组,2023-02-11,17:52:00,6,1,0.26,0.6026058631921813,0.6068111455108358,0.9204545454545455,0.4,1,0.7538243101715381,0,0,0,46
0.22601778193729527,阳光副食二组,2023-02-12,11:48:00,7,1,0.2,0.8664495114006492,0.8668730650154828,0.625,0.2,1,0.7563453441703416,0,0,0,15
0.06410856340664484,学苑食堂副食三组,2023-02-14,12:54:00,2,0,0.16,0.928338762214981,0.9287925696594463,0.5113636363636364,0.3333333333333333,0,0.7632477290778752,0,0,0,24
0.056621431913897985,阳光副食二组,2023-02-15,11:25:00,3,0,0.14,1.0,1.0,0.5,0.13333333333333333,0,0.7664130793868082,0,0,0,15
0.18811417875526443,民族餐厅山西饸饹面,2023-02-15,17:18:00,3,0,0.14,0.9022801302931605,0.9040247678018574,0.5,0.2,0,0.767240147232144,0,0,0,10
0.20028076743097806,阳光副食二组,2023-02-16,11:50:00,4,0,0.24,0.6742671009772003,0.678018575851393,0.5227272727272727,0.26666666666666666,0,0.76984552809337,0,0,0,15
0.227889564810482,学苑食堂香恋香拌砂锅,2023-02-16,17:36:00,4,0,0.24,0.6026058631921813,0.6068111455108358,0.6363636363636364,0.26666666666666666,0,0.7706561951599014,0,0,0,9
0.20449227889564814,阳光副食二组,2023-02-17,11:58:00,5,0,0.24,0.6514657980455993,0.6532507739938076,0.5795454545454546,0.26666666666666666,0,0.7732381463371212,0,0,0,15
0.4384651380439869,民族餐厅山西饸饹面,2023-02-18,11:29:00,6,1,0.24,0.6970684039087978,0.6996904024767794,0.46590909090909094,0.26666666666666666,0,0.7765440747500634,0,0,0,10
0.2419279363593823,美食林小是小简餐,2023-02-18,17:16:00,6,1,0.26,0.6254071661237788,0.6284829721362222,0.4204545454545455,0.13333333333333333,0,0.7773570847849953,0,0,0,64
0.29808142255498365,学苑食堂香恋香拌砂锅,2023-02-19,17:53:00,7,1,0.18,0.5504885993485367,0.560371517027864,0.5681818181818182,0.26666666666666666,0,0.7808176491123646,0,0,0,9
0.5390734674777726,紫丁香餐吧机器人收银组,2023-02-20,17:07:00,1,0,0.2,0.8664495114006492,0.8668730650154828,0.5681818181818182,0.2,0,0.7840837470625104,1,1,1,3
0.18577445016378097,民族餐厅铁板料理,2023-02-21,11:50:00,2,0,0.24,0.9837133550488595,0.9752321981424181,0.4204545454545455,0.3333333333333333,0,0.7867149005761434,0,1,0,19
0.2056621431913898,民族餐厅山西饸饹面,2023-02-21,17:58:00,2,0,0.2,0.8892508143322466,0.8885448916408656,0.46590909090909094,0.13333333333333333,0,0.7875771129474884,0,1,0,10
0.5086569957884886,紫丁香餐吧机器人收银组,2023-02-25,17:56:00,6,1,0.34,0.879478827361563,0.8668730650154828,0.44318181818181823,0.2,0,0.8010679249969002,0,0,0,3
0.06410856340664484,学苑食堂香恋香拌砂锅,2023-02-25,19:13:00,6,1,0.24,0.8697068403908794,0.8668730650154828,0.5795454545454546,0.13333333333333333,0,0.8012483335637341,0,0,0,9
0.08750584932147872,美食林川蜀源烤鱼,2023-02-27,07:59:00,1,0,0.4,0.6644951140065167,0.6532507739938076,0.44318181818181823,0.6,0,0.806416921854975,1,1,1,1
0.28989237248479177,百味佳副食一组,2023-02-28,09:17:00,2,0,0.32,0.5342019543973962,0.5356037151702786,0.7727272727272728,0.4,1,0.80997354788677,0,1,0,5
0.29808142255498365,阳光川蜀源烤鱼,2023-02-28,12:43:00,2,0,0.38,0.6123778501628685,0.6068111455108358,0.5909090909090909,0.4666666666666667,0,0.8104561993772421,0,1,0,37
0.25128685072531587,紫丁香餐吧主食一组,2023-02-28,19:00:00,2,0,0.34,0.6840390879478804,0.678018575851393,0.6477272727272727,0.13333333333333333,0,0.8113394984641928,0,1,0,56
0.1062236780533458,学苑食堂包子,2023-03-01,09:21:00,3,0,0.3,0.5798045602605875,0.5820433436532504,0.8409090909090909,0.13333333333333333,1,0.8133567942569186,1,1,0,17
0.3214787084698175,阳光广式猪脚饭,2023-03-01,11:16:00,3,0,0.3,0.5798045602605875,0.5820433436532504,0.9204545454545455,0.06666666666666667,1,0.8136262356229622,1,1,0,8
0.06644829199812821,学苑食堂副食三组,2023-03-02,08:34:00,4,0,0.24,0.6514657980455993,0.6532507739938076,0.6931818181818182,0.4,0,0.8166205492386638,1,1,0,24
0.11090313523631261,一区饺子园凉菜组,2023-03-02,11:55:00,4,0,0.3,0.5798045602605875,0.5820433436532504,0.5795454545454546,0.6,0,0.8170914858871328,1,1,0,46
0.2746841366401498,紫丁香餐吧主食一组,2023-03-02,18:46:00,4,0,0.36,0.5114006514657987,0.5108359133126932,0.48863636363636365,0.26666666666666666,0,0.8180544458996906,1,1,0,56
0.08750584932147872,学苑食堂主食三组（面条）,2023-03-03,11:31:00,5,0,0.4,0.7361563517915286,0.7244582043343648,0.40909090909090906,0.13333333333333333,0,0.8204091291420781,0,0,0,50
0.24894712213383252,一区饺子园主食二组,2023-03-03,19:00:00,5,0,0.34,0.7785016286644968,0.7708978328173401,0.5909090909090909,0.13333333333333333,0,0.8214611219538455,0,0,0,61
0.18296677585400095,民族餐厅山西饸饹面,2023-03-04,10:42:00,6,1,0.5,0.8403908794788286,0.8173374613003119,0.27272727272727276,0.4,0,0.823668198187022,0,0,0,10
0.20449227889564814,紫丁香餐吧机器人收银组,2023-03-04,17:46:00,6,1,0.46,0.765472312703583,0.7492260061919502,0.40909090909090906,0.2,0,0.8246616167887737,0,0,0,3
0.36827328029948525,紫丁香餐吧主食一组,2023-03-05,17:33:00,7,1,0.56,0.41693811074918585,0.4024767801857614,0.4318181818181819,0.4666666666666667,0,0.8280050326961259,0,0,0,56
0.5086569957884886,美食林那小味面馆,2023-03-06,17:56:00,1,0,0.52,0.475570032573291,0.4643962848297214,0.25,0.13333333333333333,0,0.8314327954658864,1,1,1,22
0.03649976602714086,学苑食堂包子,2023-03-07,07:47:00,2,0,0.34,0.46254071661237717,0.4643962848297214,0.7727272727272728,0.06666666666666667,0,0.8333798022066077,0,1,1,17
0.11090313523631261,百味佳副食一组,2023-03-08,08:00:00,3,0,0.3,0.6807817589576572,0.678018575851393,0.8409090909090909,0.13333333333333333,0,0.8367841352923762,1,1,0,5
0.18109499298081422,民族餐厅山西饸饹面,2023-03-08,11:57:00,3,0,0.46,0.6677524429967399,0.6532507739938076,0.5,0.2,0,0.8373394188032677,1,1,0,10
0.5554515676181563,美食林肠粉,2023-03-08,17:34:00,3,0,0.38,0.5667752442996772,0.560371517027864,0.7159090909090909,0.26666666666666666,0,0.8381289991541934,1,1,0,25
0.2798315395414132,学苑食堂包子,2023-03-09,11:16:00,4,0,0.54,0.38762214983713505,0.3777089783281724,0.3522727272727273,0.26666666666666666,0,0.8406172315954024,1,1,1,17
0.36827328029948525,一区饺子园主食二组,2023-03-09,18:30:00,4,0,0.42,0.44625407166123665,0.44272445820433504,0.5454545454545455,0.06666666666666667,0,0.8416340798811746,1,1,1,61
0.26017781937295276,阳光副食二组,2023-03-10,10:33:00,5,0,0.5800000000000001,0.41693811074918585,0.4024767801857614,0.31818181818181823,0.3333333333333333,0,0.8438903584507358,0,0,0,15
0.08750584932147872,阳光广式猪脚饭,2023-03-10,18:17:00,5,0,0.62,0.3192182410423463,0.3065015479876152,0.3977272727272727,0.4,0,0.8449774957885126,0,0,0,8
0.12026204960224617,学苑食堂包子,2023-03-11,07:46:00,6,1,0.38,0.8078175895765476,0.795665634674922,0.19318181818181818,0.4666666666666667,0,0.8468729572244342,1,1,0,17
0.227889564810482,学苑食堂香恋香拌砂锅,2023-03-11,10:07:00,6,1,0.42,0.8110749185667778,0.795665634674922,0.04545454545454547,0.6,0,0.8472033157688799,1,1,0,9
0.36827328029948525,阳光广式猪脚饭,2023-03-12,17:23:00,7,1,0.32,0.6807817589576572,0.678018575851393,0.27272727272727276,0.26666666666666666,0,0.8515987244880137,0,0,0,8
0.10154422087037902,学苑食堂包子,2023-03-13,07:58:00,1,0,0.26,0.5765472312703572,0.5820433436532504,0.4204545454545455,0.0,0,0.8536488218383482,1,1,1,17
0.29808142255498365,紫丁香餐吧主食一组,2023-03-13,12:07:00,1,0,0.38,0.5146579804560254,0.5108359133126932,0.14772727272727276,0.2,0,0.854232220970033,1,1,1,56
0.07346747777257841,紫丁香餐吧主食一组,2023-03-13,18:55:00,1,0,0.28,0.4853420195439746,0.4891640866873068,0.3068181818181818,0.13333333333333333,0,0.8551881520774032,1,1,1,56
0.09686476368741227,学苑食堂副食三组,2023-03-14,12:01:00,2,0,0.38,0.40065146579804534,0.4024767801857614,0.19318181818181818,0.26666666666666666,0,0.8575920376561896,0,1,1,24
0.3214787084698175,美食林肠粉,2023-03-14,16:45:00,2,0,0.4,0.3289902280130299,0.3312693498452006,0.44318181818181823,0.3333333333333333,0,0.8582574406818964,0,1,1,25
0.05942910622367806,学苑食堂包子,2023-03-15,07:57:00,3,0,0.3,0.41042345276872894,0.4179566563467496,1.0,0.3333333333333333,1,0.8603942278630541,1,1,0,17
0.0037435657463734257,学苑食堂副食三组,2023-03-15,11:53:00,3,0,0.36,0.4657980456026074,0.4643962848297214,0.6477272727272727,0.5333333333333333,0,0.860947168405545,1,1,0,24
0.29808142255498365,学苑食堂铁锅焖面,2023-03-15,17:34:00,3,0,0.32,0.5602605863192167,0.560371517027864,0.7727272727272728,0.26666666666666666,0,0.8617461206300732,1,1,0,29
0.29808142255498365,学院食堂陕西名小吃,2023-03-16,11:02:00,4,0,0.34,0.7068403908794778,0.6996904024767794,0.7045454545454546,0.4,0,0.8642015515136734,1,1,1,13
0.3214787084698175,紫丁香餐吧主食一组,2023-03-16,17:56:00,4,0,0.34,0.6840390879478804,0.678018575851393,0.48863636363636365,0.2,0,0.8651715404314331,1,1,1,56
0.227187646233037,阳光副食二组,2023-03-17,11:57:00,5,0,0.46,0.6416938110749193,0.6284829721362222,0.27272727272727276,0.4666666666666667,0,0.867704289272254,0,0,0,15
0.1211979410388395,学苑食堂主食三组（面条）,2023-03-17,17:54:00,5,0,0.42,0.5667752442996772,0.560371517027864,0.29545454545454547,0.3333333333333333,0,0.8685407289911922,0,0,0,50
0.017313991576977078,一区饺子园主食二组,2023-03-18,17:52:00,6,1,0.5,0.5016286644951151,0.4891640866873068,0.21590909090909094,0.3333333333333333,0,0.8719099175509513,1,1,0,61
0.21853065044454845,紫丁香餐吧主食一组,2023-03-19,10:34:00,7,1,0.6,0.4592833876221505,0.44272445820433504,0.11363636363636365,0.4,0,0.8742575718881369,0,0,0,56
0.3214787084698175,美食林那小味面馆,2023-03-19,18:17:00,7,1,0.54,0.3648208469055376,0.35603715170278605,0.10227272727272729,0.26666666666666666,0,0.875342366257513,0,0,0,22
0.25947590079550775,阳光副食二组,2023-03-20,12:13:00,1,0,0.66,0.32247557003257654,0.3065015479876152,0.27272727272727276,0.5333333333333333,1,0.8778634002563308,1,1,1,15
0.18109499298081422,美食林肠粉,2023-03-20,18:12:00,1,0,0.62,0.273615635179155,0.2600619195046434,0.36363636363636365,0.3333333333333333,1,0.8787045259120703,1,1,1,25
0.227889564810482,紫丁香餐吧主食一组,2023-03-20,19:07:00,1,0,0.5800000000000001,0.27035830618892476,0.2600619195046434,0.4772727272727273,0.26666666666666666,0,0.8788333891740905,1,1,1,56
0.5554515676181563,学苑食堂副食三组,2023-03-21,10:20:00,2,0,0.6,0.24429967426710064,0.235294117647058,0.4318181818181819,0.6,1,0.8809725193236346,0,1,1,24
0.3214787084698175,美食林肠粉,2023-03-21,17:41:00,2,0,0.6,0.22149837133550676,0.21362229102167163,0.4318181818181819,0.2,1,0.8820057683882112,0,1,1,25
0.227889564810482,美食林川蜀源烤鱼,2023-03-22,18:05:00,3,0,0.48,0.30944625407165915,0.3065015479876152,0.18181818181818182,0.4666666666666667,1,0.8854358741263724,1,1,0,1
0.227889564810482,学苑食堂香恋香拌砂锅,2023-03-23,11:50:00,4,0,0.38,0.49185667752442797,0.4891640866873068,0.2272727272727273,0.5333333333333333,0,0.8879311354727832,1,1,1,9
0.227889564810482,紫丁香餐吧主食一组,2023-03-23,17:34:00,4,0,0.36,0.563517915309447,0.560371517027864,0.2840909090909091,0.3333333333333333,0,0.8887371166025133,1,1,1,56
0.5554515676181563,学院食堂陕西名小吃,2023-03-25,11:47:00,6,1,0.44,0.6644951140065167,0.6532507739938076,0.29545454545454547,0.3333333333333333,0,0.8946718555606878,1,1,0,13
0.3214787084698175,美食林阿咪酱骨扒肉,2023-03-25,17:35:00,6,1,0.36,0.6123778501628685,0.6068111455108358,0.48863636363636365,0.2,0,0.8954872085640204,1,1,0,12
0.8284978942442677,百味佳副食一组,2023-03-26,11:12:00,7,1,0.46,0.6188925081433219,0.6068111455108358,0.23863636363636365,0.2,0,0.8979637261632263,0,0,0,5
0.22648572765559194,阳光副食二组,2023-03-27,13:07:00,1,0,0.6,0.5309446254071659,0.5108359133126932,0.04545454545454547,0.26666666666666666,0,0.9016070420258302,1,1,1,15
0.227889564810482,阳光广式猪脚饭,2023-03-27,18:27:00,1,0,0.56,0.5048859934853418,0.4891640866873068,0.10227272727272729,0.13333333333333333,0,0.9023567919139452,1,1,1,8
0.227889564810482,民族餐厅金家店,2023-03-27,19:07:00,1,0,0.52,0.5504885993485367,0.5356037151702786,0.19318181818181818,0.2,0,0.9024505106499703,1,1,1,28
0.003275620028076749,一区饺子园凉菜组,2023-03-28,11:47:00,2,0,0.62,0.6319218241042357,0.6068111455108358,0.10227272727272729,0.13333333333333333,0,0.9047934790503547,0,1,1,46
0.5343940102948058,美食林肠粉,2023-03-28,17:30:00,2,0,0.56,0.5537459283387598,0.5356037151702786,0.125,0.13333333333333333,0,0.9055971172116841,0,1,1,25
0.24309780065512404,阳光副食二组,2023-03-29,11:36:00,3,0,0.74,0.40390879478827557,0.3777089783281724,0.18181818181818182,0.6,0,0.9081415808945081,1,1,0,15
0.29808142255498365,学子副食一组,2023-03-29,18:08:00,3,0,0.64,0.3485342019543971,0.3312693498452006,0.23863636363636365,0.3333333333333333,0,0.909060024507454,1,1,0,58
0.29808142255498365,紫丁香餐吧主食一组,2023-03-29,19:08:00,3,0,0.64,0.3485342019543971,0.3312693498452006,0.23863636363636365,0.3333333333333333,0,0.9092006026114774,1,1,0,56
0.04071127749181096,百味佳副食一组,2023-03-30,12:04:00,4,0,0.6799999999999999,0.4885993485342013,0.4643962848297214,0.125,0.4,0,0.9115810585062718,1,1,1,5
0.29808142255498365,百味佳副食一组,2023-03-30,17:34:00,4,0,0.66,0.4853420195439746,0.4643962848297214,0.19318181818181818,0.13333333333333333,1,0.9123542380783931,1,1,1,5
0.06410856340664484,紫丁香餐吧主食一组,2023-03-31,12:42:00,5,0,0.8,0.4951140065146582,0.4643962848297214,0.17045454545454547,0.3333333333333333,1,0.9150439658020417,0,0,0,56
0.4384651380439869,学苑食堂铁锅焖面,2023-03-31,17:18:00,5,0,0.78,0.44625407166123665,0.4179566563467496,0.15909090909090912,0.13333333333333333,1,0.9156906250805434,0,0,0,29
0.1307908282639214,阳光副食二组,2023-04-01,12:27:00,6,1,0.8200000000000001,0.4495114006514669,0.4179566563467496,0.17045454545454547,0.6,1,0.9183826957725927,1,1,0,15
0.17407580720636406,学苑食堂副食三组,2023-04-04,08:02:00,2,0,0.44,0.8859934853420199,0.8668730650154828,0.23863636363636365,0.26666666666666666,0,0.9278834326361505,1,1,1,24
0.18109499298081422,学子副食一组,2023-04-04,11:53:00,2,0,0.52,0.8208469055374579,0.795665634674922,0.07954545454545456,0.13333333333333333,0,0.9284246583366382,1,1,1,58
0.2524567150210576,美食林肠粉,2023-04-04,17:31:00,2,0,0.52,0.7198697068403916,0.6996904024767794,0.125,0.2,0,0.9292165816559645,1,1,1,25
0.227889564810482,阳光广式猪脚饭,2023-04-05,17:56:00,3,1,0.56,0.4788273615635177,0.4643962848297214,0.17045454545454547,0.13333333333333333,1,0.9326490303625263,1,0,1,8
0.8561066916237717,百味佳副食一组,2023-04-06,11:59:00,4,0,0.6,0.3192182410423463,0.3065015479876152,0.11363636363636365,0.13333333333333333,0,0.9351864651401485,1,1,0,5
0.26626111371080957,阳光副食二组,2023-04-06,18:38:00,4,0,0.5,0.26384364820846784,0.2600619195046434,0.27272727272727276,0.2,0,0.9361213095318988,1,1,0,15
0.005381375760411804,学苑食堂包子,2023-04-07,07:35:00,5,0,0.4,0.355048859934854,0.35603715170278605,0.29545454545454547,0.4666666666666667,0,0.9379417959790004,0,1,0,17
0.030182498830135712,学苑食堂副食三组,2023-04-07,10:32:00,5,0,0.44,0.3583061889250807,0.35603715170278605,0.20454545454545459,0.5333333333333333,0,0.9383565013858686,0,1,0,24
0.29808142255498365,美食林肠粉,2023-04-07,17:30:00,5,0,0.4,0.3778501628664479,0.3777089783281724,0.3295454545454546,0.26666666666666666,0,0.9393358621772308,0,1,0,25
0.36827328029948525,一区饺子园主食二组,2023-04-08,12:28:00,6,1,0.56,0.45602605863192025,0.44272445820433504,0.19318181818181818,0.4666666666666667,0,0.9420021602168731,1,1,0,61
0.227889564810482,民族餐厅金家店,2023-04-08,17:04:00,6,1,0.6,0.3941368078175884,0.3777089783281724,0.07954545454545456,0.3333333333333333,0,0.9426488194953748,1,1,0,28
0.257604117922321,阳光副食二组,2023-04-09,11:29:00,7,1,0.72,0.20521172638436624,0.1888544891640862,0.20454545454545459,0.6,0,0.9452377995777965,0,0,0,15
0.15769770706598035,一区饺子园凉菜组,2023-04-09,17:35:00,7,1,0.72,0.1563517915309447,0.14241486068111087,0.20454545454545459,0.2,1,0.9460953260123404,0,0,0,46
0.1085634066448292,美食林肠粉,2023-04-10,12:17:00,1,0,0.72,0.035830618892507715,0.024767801857585425,0.4545454545454546,0.8666666666666667,1,0.9487241365575727,1,1,0,25
0.5063172671970051,一区饺子园凉菜组,2023-04-10,18:05:00,1,0,0.7,0.035830618892507715,0.024767801857585425,0.34090909090909094,0.3333333333333333,1,0.9495394895609053,1,1,0,46
0.20449227889564814,美食林肠粉,2023-04-11,11:49:00,2,0,0.56,0.0,0.0,0.25,0.4,0,0.9520324079389155,1,1,1,25
0.227889564810482,紫丁香餐吧主食一组,2023-04-13,11:35:00,4,0,0.6,0.41693811074918585,0.4024767801857614,0.20454545454545459,0.3333333333333333,0,0.9587473553744275,1,1,0,56
0.29808142255498365,美食林那小味面馆,2023-04-14,17:13:00,5,0,0.6,0.4592833876221505,0.44272445820433504,0.2272727272727273,0.2,0,0.9629131531903141,0,1,0,22
0.17875526438933087,百味佳副食一组,2023-04-15,08:06:00,6,1,0.52,0.3648208469055376,0.35603715170278605,0.5113636363636364,0.4,0,0.9650054239718457,1,1,0,5
0.005381375760411804,学苑食堂主食三组（面条）,2023-04-15,12:08:00,6,1,0.64,0.2996742671009791,0.28482972136222884,0.23863636363636365,0.3333333333333333,0,0.9655724223247404,1,1,0,50
0.12728123537669633,一区饺子园凉菜组,2023-04-15,16:42:00,6,1,0.64,0.22475570032573344,0.21362229102167163,0.18181818181818182,0.3333333333333333,0,0.9662143956664551,1,1,0,46
0.3214787084698175,紫丁香餐吧主食一组,2023-04-16,12:18:00,7,1,0.64,0.24755700325732732,0.235294117647058,0.36363636363636365,0.26666666666666666,0,0.968969726505307,0,0,0,56
0.13196069255966308,学苑食堂副食三组,2023-04-17,12:12:00,1,0,0.7,0.42671009771986945,0.4024767801857614,0.3068181818181818,0.26666666666666666,0,0.9723295431914494,0,1,0,24
0.3214787084698175,紫丁香餐吧主食一组,2023-04-17,17:36:00,1,0,0.66,0.3745928338762212,0.35603715170278605,0.23863636363636365,0.2,0,0.9730886649531811,0,1,0,56
0.36593355170800185,阳光副食二组,2023-04-18,11:47:00,2,0,0.6,0.27035830618892476,0.2600619195046434,0.36363636363636365,0.5333333333333333,0,0.9756448434779941,1,1,1,15
0.227889564810482,紫丁香餐吧主食一组,2023-04-18,18:05:00,2,0,0.64,0.3745928338762212,0.35603715170278605,0.13636363636363635,0.3333333333333333,0,0.9765304855333454,1,1,1,56
0.1483387927000468,学苑食堂包子,2023-04-20,07:48:00,4,0,0.56,0.29315960912051864,0.28482972136222884,0.2272727272727273,0.8,0,0.981832623023422,0,0,0,17
0.2887225081890501,阳光副食二组,2023-04-20,12:31:00,4,0,0.6,0.2964169381107489,0.28482972136222884,0.0,1.0,1,0.9824956830807281,0,0,0,15
0.300421151146467,淘乐水果捞店,2023-04-21,12:08:00,5,0,0.5800000000000001,0.5798045602605875,0.560371517027864,0.11363636363636365,0.6,0,0.985815669304074,0,1,1,52
0.24239588207767898,美食林阿咪酱骨扒肉,2023-04-21,17:36:00,5,0,0.54,0.5993485342019547,0.5820433436532504,0.0681818181818182,0.4,0,0.9865841629393941,0,1,1,12
0.227889564810482,民族餐厅金家店,2023-04-22,11:40:00,6,1,0.6,0.7524429967426691,0.7244582043343648,0.05681818181818182,0.4666666666666667,0,0.9891239406854169,1,1,0,28
0.3214787084698175,紫丁香餐吧主食一组,2023-04-22,19:07:00,6,1,0.52,0.7459283387622158,0.7244582043343648,0.17045454545454547,0.2,0,0.990171247560383,1,1,0,56
0.05474964904071128,百味佳副食一组,2023-04-23,12:27:00,7,0,0.5800000000000001,0.846905537459282,0.8173374613003119,0.07954545454545456,0.5333333333333333,0,0.9926079346967924,0,0,0,5
0.16354702854468883,百味佳副食一组,2023-04-24,09:32:00,1,0,0.64,0.7557003257328994,0.7244582043343648,0.0681818181818182,0.4,0,0.9955717897232716,0,1,0,5
0.3093121197941039,紫丁香餐吧主食一组,2023-04-24,11:52:00,1,0,0.66,0.7068403908794778,0.678018575851393,0.022727272727272735,0.4666666666666667,0,0.9958998052993309,0,1,0,56
0.3214787084698175,民族餐厅金家店,2023-04-24,17:48:00,1,0,0.64,0.5830618892508141,0.560371517027864,0.04545454545454547,0.2,0,0.9967339020498684,0,1,0,28
0.002573701450631738,学苑食堂包子,2023-04-25,07:36:00,2,0,0.62,0.3192182410423463,0.3065015479876152,0.23863636363636365,0.3333333333333333,0,0.9986738798853878,1,1,1,17
0.2746841366401498,美食林肠粉,2023-04-25,12:14:00,2,0,0.52,0.3387622149837135,0.3312693498452006,0.6136363636363636,0.6666666666666666,0,0.9993252251006908,1,1,1,25
0.57182966775854,一区饺子园凉菜组,2023-04-25,17:02:00,2,0,0.42,0.38110749185667814,0.3777089783281724,0.9204545454545455,0.26666666666666666,1,1.0,1,1,1,46
